email,password
testuser1@test.com,12345678
testuser2@test.com,12345678
testuser3@test.com,12345678
testuser4@test.com,12345678
testuser5@test.com,12345678
testuser6@test.com,12345678
testuser7@test.com,12345678
testuser8@test.com,12345678
testuser9@test.com,12345678
testuser10@test.com,12345678
testuser11@test.com,12345678
testuser12@test.com,12345678
testuser13@test.com,12345678
testuser14@test.com,12345678
testuser15@test.com,12345678
testuser16@test.com,12345678
testuser17@test.com,12345678
testuser18@test.com,12345678
testuser19@test.com,12345678
testuser20@test.com,12345678
testuser21@test.com,12345678
testuser22@test.com,12345678
testuser23@test.com,12345678
testuser24@test.com,12345678
testuser25@test.com,12345678
testuser26@test.com,12345678
testuser27@test.com,12345678
testuser28@test.com,12345678
testuser29@test.com,12345678
testuser30@test.com,12345678
testuser31@test.com,12345678
testuser32@test.com,12345678
testuser33@test.com,12345678
testuser34@test.com,12345678
testuser35@test.com,12345678
testuser36@test.com,12345678
testuser37@test.com,12345678
testuser38@test.com,12345678
testuser39@test.com,12345678
testuser40@test.com,12345678
testuser41@test.com,12345678
testuser42@test.com,12345678
testuser43@test.com,12345678
testuser44@test.com,12345678
testuser45@test.com,12345678
testuser46@test.com,12345678
testuser47@test.com,12345678
testuser48@test.com,12345678
testuser49@test.com,12345678
testuser50@test.com,12345678